Machine Learning,4.9,Stanford University,"Logistic Regression, Artificial Neural Network, Machine Learning (ML) Algorithms, Machine Learning",https://www.coursera.org/learn/machine-learning
Neural Networks and Deep Learning,4.9,deeplearning.ai,"Artificial Neural Network, Backpropagation, Python Programming, Deep Learning",https://www.coursera.org/learn/neural-networks-deep-learning
Introduction to Data Science in Python,4.5,University of Michigan,"Python Programming, Numpy, Pandas, Data Cleansing",https://www.coursera.org/learn/python-data-analysis
Convolutional Neural Networks,4.9,deeplearning.ai,"Facial Recognition System, Tensorflow, Convolutional Neural Network, Artificial Neural Network",https://www.coursera.org/learn/convolutional-neural-networks
"Improving Deep Neural Networks: Hyperparameter tuning, Regularization and Optimization",4.9,deeplearning.ai,"Hyperparameter, Tensorflow, Hyperparameter Optimization, Deep Learning",https://www.coursera.org/learn/deep-neural-network
Python Data Structures,4.9,University of Michigan,"Python Syntax And Semantics, Data Structure, Tuple, Python Programming",https://www.coursera.org/learn/python-data
Python for Data Science and AI,4.6,IBM,"Data Science, Python Programming, Numpy, Pandas",https://www.coursera.org/learn/python-for-applied-data-science-ai
Sequence Models,4.8,deeplearning.ai,"Recurrent Neural Network, Artificial Neural Network, Deep Learning, Long Short-Term Memory (ISTM)",https://www.coursera.org/learn/nlp-sequence-models
Getting Started with AWS Machine Learning,4.4,Amazon Web Services,"Artificial Intelligence (AI), Machine Learning, Amazon SageMaker, Natural Language Processing (NLP), Computer Vision",https://www.coursera.org/learn/aws-machine-learning
SQL for Data Science,4.6,"University of California, Davis","Data Science, Data Analysis, Sqlite, SQL",https://www.coursera.org/learn/sql-for-data-science
Excel Skills for Business: Essentials,4.9,Macquarie University,"Graphs, Microsoft Excel, Chart, Sorting",https://www.coursera.org/learn/excel-essentials
R Programming,4.6,Johns Hopkins University,"Data Analysis, Debugging, R Programming, Rstudio",https://www.coursera.org/learn/r-programming
Databases and SQL for Data Science,4.7,IBM,"Cloud Databases, Python Programming, Ipython, Relational Database Management System (RDBMS), SQL",https://www.coursera.org/learn/sql-data-science
Mathematics for Machine Learning: Linear Algebra,4.7,Imperial College London,"Eigenvalues And Eigenvectors, Basis (Linear Algebra), Transformation Matrix, Linear Algebra",https://www.coursera.org/learn/linear-algebra-machine-learning
Data Analysis with Python,4.6,IBM,"Predictive Modelling, Python Programming, Data Analysis, Data Visualization (DataViz), Model Selection",https://www.coursera.org/learn/data-analysis-with-python
Structuring Machine Learning Projects,4.8,deeplearning.ai,"Machine Learning, Deep Learning, Inductive Transfer, Multi-Task Learning",https://www.coursera.org/learn/machine-learning-projects
The Data Scientist’s Toolbox,4.5,Johns Hopkins University,"Data Science, Github, R Programming, Rstudio",https://www.coursera.org/learn/data-scientists-tools
Google Cloud Platform Big Data and Machine Learning Fundamentals,4.6,Google Cloud,"Tensorflow, Bigquery, Google Cloud Platform, Cloud Computing",https://www.coursera.org/learn/gcp-big-data-ml-fundamentals
Using Databases with Python,4.8,University of Michigan,"Python Programming, Database (DBMS), Sqlite, SQL",https://www.coursera.org/learn/python-databases
Applied Machine Learning in Python,4.7,University of Michigan,"Python Programming, Machine Learning (ML) Algorithms, Machine Learning, Scikit-Learn",https://www.coursera.org/learn/python-machine-learning
Introduction to Probability and Data,4.7,Duke University,"Statistics, R Programming, Rstudio, Exploratory Data Analysis",https://www.coursera.org/learn/probability-intro
Excel Skills for Business: Intermediate I,4.9,Macquarie University,"Concatenation, Microsoft Excel, Consolization, Pivot Table, Pivot Chart",https://www.coursera.org/learn/excel-intermediate-1
Data Visualization with Python,4.6,IBM,"Python Programming, Data Virtualization, Data Visualization (DataViz), Matplotlib",https://www.coursera.org/learn/python-for-data-visualization
Introducción a Data Science: Programación Estadística con R,4.7,Universidad Nacional Autónoma de México,"Graphics, R Programming, Rstudio, Exploratory Data Analysis",https://www.coursera.org/learn/intro-data-science-programacion-estadistica-r
Basic Statistics,4.7,University of Amsterdam,"Statistics, Confidence Interval, Statistical Hypothesis Testing, R Programming",https://www.coursera.org/learn/basic-statistics
Natural Language Processing in TensorFlow,4.6,deeplearning.ai,"Natural Language Processing, Tokenization, Machine Learning, Tensorflow, RNNs",https://www.coursera.org/learn/natural-language-processing-tensorflow
Introduction to Artificial Intelligence (AI),4.7,IBM,"Data Science, Deep Learning, Artificial Intelligence (AI), Jobs, Machine Learning",https://www.coursera.org/learn/introduction-to-ai
Convolutional Neural Networks in TensorFlow,4.7,deeplearning.ai,"Inductive Transfer, Augmentation, Dropouts, Machine Learning, Tensorflow",https://www.coursera.org/learn/convolutional-neural-networks-tensorflow
Customer Analytics,4.5,University of Pennsylvania,"Predictive Analytics, Customer Analytics, Regression Analysis, Marketing Performance Measurement And Management",https://www.coursera.org/learn/wharton-customer-analytics
How to Win a Data Science Competition: Learn from Top Kagglers,4.7,National Research University Higher School of Economics,"Data Analysis, Feature Extraction, Feature Engineering, Xgboost",https://www.coursera.org/learn/competitive-data-science
Математика и Python для анализа данных,4.8,Offered ByMoscow Institute of Physics and TechnologyYandex,"Scipy, Statistics, Python Programming, Numpy",https://www.coursera.org/learn/mathematics-and-python
Data Structures,4.7,Offered ByUniversity of California San DiegoNational Research University Higher School of Economics,"Binary Search Tree, Priority Queue, Hash Table, Stack (Abstract Data Type), List",https://www.coursera.org/learn/data-structures
Machine Learning Foundations: A Case Study Approach,4.6,University of Washington,"Python Programming, Machine Learning Concepts, Machine Learning, Deep Learning",https://www.coursera.org/learn/ml-foundations
"Sequences, Time Series and Prediction",4.6,deeplearning.ai,"Forecasting, Machine Learning, Tensorflow, Time Series, prediction",https://www.coursera.org/learn/tensorflow-sequences-time-series-and-prediction
Fundamentos de Excel para Negocios,4.7,Universidad Austral,"Mathematical Optimization, Graphics, Data Analysis, Table (Information), Printf Format String",https://www.coursera.org/learn/excel-para-negocios
Fundamentals of Reinforcement Learning,4.7,Offered ByUniversity of AlbertaAlberta Machine Intelligence Institute,"Artificial Intelligence (AI), Machine Learning, Reinforcement Learning, Function Approximation, Intelligent Systems",https://www.coursera.org/learn/fundamentals-of-reinforcement-learning
"Applied Plotting, Charting & Data Representation in Python",4.5,University of Michigan,"Python Programming, Data Virtualization, Data Visualization (DataViz), Matplotlib",https://www.coursera.org/learn/python-plotting
Introduction to Data Analysis Using Excel,4.7,Rice University,"Lookup Table, Data Analysis, Microsoft Excel, Pivot Table",https://www.coursera.org/learn/excel-data-analysis
Data-driven Decision Making,4.6,PwC,"Data-Informed Decision-Making, Big Data, Data Analysis, Data Visualization (DataViz)",https://www.coursera.org/learn/decision-making
Natural Language Processing,4.6,National Research University Higher School of Economics,"Chatterbot, Tensorflow, Deep Learning, Natural Language Processing",https://www.coursera.org/learn/language-processing
Fundamentals of Visualization with Tableau,4.5,"University of California, Davis","Tableau Software, Data Virtualization, Data Visualization (DataViz), Visualization (Computer Graphics)",https://www.coursera.org/learn/data-visualization-tableau
Introduction to Big Data,4.6,University of California San Diego,"Big Data, Apache Hadoop, Mapreduce, Cloudera",https://www.coursera.org/learn/big-data-introduction
Введение в машинное обучение,4.6,Offered ByNational Research University Higher School of EconomicsYandex School of Data Analysis,"Python Programming, Machine Learning (ML) Algorithms, Machine Learning, Pandas",https://www.coursera.org/learn/vvedenie-mashinnoe-obuchenie
Introduction to Deep Learning,4.6,National Research University Higher School of Economics,"Recurrent Neural Network, Tensorflow, Convolutional Neural Network, Deep Learning",https://www.coursera.org/learn/intro-to-deep-learning
Marketing Analytics,4.6,University of Virginia,"Marketing Experiments, Customer Lifetime Value, Regression Analysis, Marketing Analytics, Brand Equity",https://www.coursera.org/learn/uva-darden-market-analytics
How Google does Machine Learning,4.6,Google Cloud,"Application Programming Interfaces (API), Inclusive ML, Machine Learning, Google Cloud Platform, Bigquery",https://www.coursera.org/learn/google-machine-learning
Data Science Math Skills,4.5,Duke University,"""Bayes Theorem"", Bayesian Probability, Probability, Probability Theory",https://www.coursera.org/learn/datasciencemathskills
Mastering Data Analysis in Excel,4.2,Duke University,"Binary Classification, Data Analysis, Microsoft Excel, Linear Regression",https://www.coursera.org/learn/analytics-excel
"Capstone: Retrieving, Processing, and Visualizing Data with Python",4.6,University of Michigan,"Data Analysis, Python Programming, Database (DBMS), Data Visualization (DataViz)",https://www.coursera.org/learn/python-data-visualization
Fundamentals of Quantitative Modeling,4.6,University of Pennsylvania,"Modeling, Linear Regression, Probabilistic Models, Regression Analysis",https://www.coursera.org/learn/wharton-quantitative-modeling
Problem Solving with Excel,4.7,PwC,"Data Analysis, Microsoft Excel, Pivot Table, Data Cleansing",https://www.coursera.org/learn/excel-analysis
Business Metrics for Data-Driven Companies,4.6,Duke University,"Data Analysis, Business Analysis, Business Analytics, Business Process",https://www.coursera.org/learn/analytics-business-metrics
Marketing Digital,4.8,Universidade de São Paulo,"Digital Marketing, Marketing Analytics, Google Adwords, Google Analytics, Marketing Performance Measurement And Management",https://www.coursera.org/learn/estrategia-marketing-digital
Understanding Clinical Research: Behind the Statistics,4.8,University of Cape Town,"Clinical Research, Statistics, Statistical Analysis, Statistical Hypothesis Testing",https://www.coursera.org/learn/clinical-research
Bayesian Statistics: From Concept to Data Analysis,4.6,"University of California, Santa Cruz","Statistics, Bayesian Statistics, Bayesian Inference, R Programming",https://www.coursera.org/learn/bayesian-statistics
Introduction to Search Engine Optimization,4.6,"University of California, Davis","Search Algorithm, Search Engine Optimization (SEO), Mathematical Optimization, Semantics",https://www.coursera.org/learn/search-engine-optimization
Applied Text Mining in Python,4.2,University of Michigan,"Natural Language Toolkit (NLTK), Text Mining, Python Programming, Natural Language Processing",https://www.coursera.org/learn/python-text-mining
Excel Skills for Business: Intermediate II,4.8,Macquarie University,"Lookup Table, Microsoft Excel Vba, Data Validation, Microsoft Excel Macro",https://www.coursera.org/learn/excel-intermediate-2
Econometrics: Methods and Applications,4.6,Erasmus University Rotterdam,"Linear Regression, Time Series, Econometrics, Regression Analysis",https://www.coursera.org/learn/erasmus-econometrics
Understanding and Visualizing Data with Python,4.7,University of Michigan,"Statistics, Data Analysis, Python Programming, Data Visualization (DataViz)",https://www.coursera.org/learn/understanding-visualization-data
Getting and Cleaning Data,4.6,Johns Hopkins University,"Data Manipulation, Regular Expression (REGEX), R Programming, Data Cleansing",https://www.coursera.org/learn/data-cleaning
Data Visualization and Communication with Tableau,4.7,Duke University,"Data Analysis, Tableau Software, Data Visualization (DataViz), Visualization (Computer Graphics)",https://www.coursera.org/learn/analytics-tableau
Bayesian Methods for Machine Learning,4.6,National Research University Higher School of Economics,"Bayesian Optimization, Gaussian Process, Markov Chain Monte Carlo (MCMC), Variational Bayesian Methods",https://www.coursera.org/learn/bayesian-methods-in-machine-learning
Machine Learning: Regression,4.8,University of Washington,"Linear Regression, Ridge Regression, Lasso (Statistics), Regression Analysis",https://www.coursera.org/learn/ml-regression
Practical Time Series Analysis,4.6,The State University of New York,"Time Series Forecasting, Time Series, Time Series Models",https://www.coursera.org/learn/practical-time-series-analysis
Leveraging Unstructured Data with Cloud Dataproc on Google Cloud Platform,4.6,Google Cloud,"Google Cloud Dataproc, Application Programming Interfaces (API), Machine Learning",https://www.coursera.org/learn/leveraging-unstructured-data-dataproc-gcp
Statistical Inference,4.2,Johns Hopkins University,"Statistics, Statistical Inference, Statistical Hypothesis Testing",https://www.coursera.org/learn/statistical-inference
Inferential Statistics,4.8,Duke University,"Statistical Inference, Statistical Hypothesis Testing, R Programming",https://www.coursera.org/learn/inferential-statistics-intro
Database Management Essentials,4.6,University of Colorado System,"Database (DB) Design, Entity–Relationship (E-R) Model, Database (DBMS), SQL",https://www.coursera.org/learn/database-management
"Big Data Essentials: HDFS, MapReduce and Spark RDD",4,Yandex,"Python Programming, Apache Hadoop, Mapreduce, Apache Spark",https://www.coursera.org/learn/big-data-essentials
Обучение на размеченных данных,4.8,Offered ByMoscow Institute of Physics and TechnologyYandex,"Random Forest, Python Programming, Machine Learning, Supervised Learning",https://www.coursera.org/learn/supervised-learning
People Analytics,4.5,University of Pennsylvania,"Talent Management, Analytics, Performance Management, Collaboration",https://www.coursera.org/learn/wharton-people-analytics
Computational Neuroscience,4.7,University of Washington,"Computational Neuroscience, Artificial Neural Network, Reinforcement Learning, Biological Neuron Model",https://www.coursera.org/learn/computational-neuroscience
Excel Skills for Business: Advanced,4.7,Macquarie University,"Dashboard (Business), Financial Modeling, Microsoft Excel, Data Cleansing",https://www.coursera.org/learn/excel-advanced
A Crash Course in Data Science,4.5,Johns Hopkins University,"Data Science, Data Analysis, Machine Learning, Project",https://www.coursera.org/learn/data-science-course
Probabilistic Graphical Models 1: Representation,4.7,Stanford University,"Bayesian Network, Graphical Model, Markov Random Field",https://www.coursera.org/learn/probabilistic-graphical-models
Managing Big Data with MySQL,4.7,Duke University,"Data Analysis, MySQL, Teradata, SQL",https://www.coursera.org/learn/analytics-mysql
Launching into Machine Learning,4.6,Google Cloud,"Tensorflow, Bigquery, Machine Learning, Data Cleansing",https://www.coursera.org/learn/launching-machine-learning
Introduction to Data Analytics for Business,4.7,University of Colorado Boulder,"Data Model, Data Quality, Data Analysis, SQL",https://www.coursera.org/learn/data-analytics-business
Regression Models,4.4,Johns Hopkins University,"Model Selection, Generalized Linear Model, Linear Regression, Regression Analysis",https://www.coursera.org/learn/regression-models
Serverless Machine Learning with Tensorflow on Google Cloud Platform,4.5,Google Cloud,"Machine Learning, Google Cloud Platform, Feature Engineering, Tensorflow, Cloud Computing",https://www.coursera.org/learn/serverless-machine-learning-gcp
Practical Machine Learning,4.5,Johns Hopkins University,"Random Forest, Machine Learning (ML) Algorithms, Machine Learning, R Programming",https://www.coursera.org/learn/practical-machine-learning
Exploratory Data Analysis,4.7,Johns Hopkins University,"Cluster Analysis, Ggplot2, R Programming, Exploratory Data Analysis",https://www.coursera.org/learn/exploratory-data-analysis
Effective Business Presentations with Powerpoint,4.6,PwC,"Data Analysis, Communication, Presentation Design, Presentation",https://www.coursera.org/learn/powerpoint-presentations
Operations Analytics,4.7,University of Pennsylvania,"Simulation, Mathematical Optimization, Solver, Decision Tree",https://www.coursera.org/learn/wharton-operations-analytics
Mathematics for Machine Learning: PCA,4,Imperial College London,"Python Programming, Principal Component Analysis (PCA), Projection Matrix, Mathematical Optimization",https://www.coursera.org/learn/pca-machine-learning
Data Visualization with Advanced Excel,4.8,PwC,"Dashboard (Business), Microsoft Excel, Data Virtualization, Data Visualization (DataViz)",https://www.coursera.org/learn/advanced-excel
Sample-based Learning Methods,4.7,Offered ByUniversity of AlbertaAlberta Machine Intelligence Institute,"Artificial Intelligence (AI), Machine Learning, Reinforcement Learning, Function Approximation, Intelligent Systems",https://www.coursera.org/learn/sample-based-learning-methods
Process Mining: Data science in Action,4.8,Eindhoven University of Technology,"Petri Net, Process Modeling, Process Mining, Data Mining",https://www.coursera.org/learn/process-mining
Improving your statistical inferences,4.9,Eindhoven University of Technology,"Likelihood Function, Bayesian Statistics, P-Value, Statistical Inference",https://www.coursera.org/learn/statistical-inferences
Getting Started with AI using IBM Watson,4.5,IBM,"Deep Learning, Application Programming Interfaces (API), Artificial Intelligence (AI), Machine Learning, watson",https://www.coursera.org/learn/ai-with-ibm-watson
Machine Learning: Classification,4.7,University of Washington,"Logistic Regression, Statistical Classification, Classification Algorithms, Decision Tree",https://www.coursera.org/learn/ml-classification
Data Management for Clinical Research,4.7,Vanderbilt University,"Survey Design, Data Collection, Data Management, Clinical Data Management",https://www.coursera.org/learn/clinical-data-management
Exploring ​and ​Preparing ​your ​Data with BigQuery,4.6,Google Cloud,"Bigquery, Google Cloud Platform, Cloud Computing, SQL",https://www.coursera.org/learn/gcp-exploring-preparing-data-bigquery
Python Programming Essentials,4.8,Rice University,"Codeskulptor, Python Syntax And Semantics, Python Programming, Debugging",https://www.coursera.org/learn/python-programming
Hadoop Platform and Application Framework,3.9,University of California San Diego,"Python Programming, Apache Hadoop, Mapreduce, Apache Spark",https://www.coursera.org/learn/hadoop
Data Visualization,4.5,University of Illinois at Urbana-Champaign,"Data Visualization Software, Tableau Software, Data Virtualization, Data Visualization (DataViz)",https://www.coursera.org/learn/datavisualization
Fundamentals of Scalable Data Science,4.3,IBM,"Statistics, Data Science, Internet Of Things (IOT), Apache Spark",https://www.coursera.org/learn/ds
The Unix Workbench,4.7,Johns Hopkins University,"Shell Script, Github, Bash (Unix Shell), Cloud Computing",https://www.coursera.org/learn/unix
Forensic Accounting and Fraud Examination,4.7,West Virginia University,"Fraud Detection, Internal Control, Fraud Investigation, Forensic Accounting",https://www.coursera.org/learn/forensic-accounting
Intro to TensorFlow,4.5,Google Cloud,"Application Programming Interfaces (API), Estimator, Machine Learning, Tensorflow, Cloud Computing",https://www.coursera.org/learn/intro-tensorflow
Introduction to Genomic Technologies,4.5,Johns Hopkins University,"Bioinformatics, Statistics, Data Science, Computational Biology",https://www.coursera.org/learn/introduction-genomics
機器學習基石上 (Machine Learning Foundations)---Mathematical Foundations,4.9,National Taiwan University,"Decision Stump, Perceptron, Machine Learning, Vc Dimension",https://www.coursera.org/learn/ntumlone-mathematicalfoundations
Accounting Analytics,4.5,University of Pennsylvania,"Accounting, Analytics, Earnings Management, Finance",https://www.coursera.org/learn/accounting-analytics
Building Resilient Streaming Systems on Google Cloud Platform,4.7,Google Cloud,"Bigquery, Bigtable, Dataflow, Publish–Subscribe Pattern",https://www.coursera.org/learn/building-resilient-streaming-systems-gcp
Applied Social Network Analysis in Python,4.6,University of Michigan,"Graph Theory, Network Analysis, Python Programming, Social Network Analysis",https://www.coursera.org/learn/python-social-network-analysis
Machine Learning With Big Data,4.6,University of California San Diego,"Machine Learning Concepts, Knime, Machine Learning, Apache Spark",https://www.coursera.org/learn/big-data-machine-learning
Essential Design Principles for Tableau,4.5,"University of California, Davis","Data Analysis, Tableau Software, Data Virtualization, Data Visualization (DataViz)",https://www.coursera.org/learn/dataviz-design
Linear Regression and Modeling,4.7,Duke University,"Statistics, Linear Regression, R Programming, Regression Analysis",https://www.coursera.org/learn/linear-regression-model
Introduction to Statistics & Data Analysis in Public Health,4.7,Imperial College London,"Run basic analyses in R, R Programming, Understand common data distributions and types of variables, Formulate a scientific hypothesis",https://www.coursera.org/learn/introduction-statistics-data-analysis-public-health
Applied AI with DeepLearning,4.4,IBM,"Machine Learning, Deep Learning, Long Short-Term Memory (ISTM), Apache Spark",https://www.coursera.org/learn/ai
Exploring and Producing Data for Business Decision Making,4.8,University of Illinois at Urbana-Champaign,"Data Analysis, Microsoft Excel, Statistical Analysis, Normal Distribution",https://www.coursera.org/learn/business-data
Foundations for Big Data Analysis with SQL,4.8,Cloudera,"Database (DBMS), Data Warehousing, Data Analysis, Big Data, SQL",https://www.coursera.org/learn/foundations-big-data-analysis-sql
Computer Vision Basics,3.8,Offered ByUniversity at BuffaloThe State University of New York,"Computer Vision, Computer Programming, Matlab",https://www.coursera.org/learn/computer-vision-basics
Bayesian Statistics: Techniques and Models,4.8,"University of California, Santa Cruz","Gibbs Sampling, Bayesian Statistics, Bayesian Inference, R Programming",https://www.coursera.org/learn/mcmc-bayesian-statistics
Summary Statistics in Public Health,4.8,Johns Hopkins University,"Statistics, Normal Distribution, summary measures, binary data",https://www.coursera.org/learn/summary-statistics
Базы данных (Databases),4.3,Saint Petersburg State University,"Big Data, Database (DBMS), MySQL, SQL",https://www.coursera.org/learn/data-bases-intr
Introduction to Spreadsheets and Models,4.2,University of Pennsylvania,"Monte Carlo Method, Microsoft Excel, Linear Programming (LP), Solver",https://www.coursera.org/learn/wharton-introduction-spreadsheets-models
Digital Analytics for Marketing Professionals: Marketing Analytics in Practice,4.5,University of Illinois at Urbana-Champaign,"Data Analysis, Data Visualization (DataViz), Marketing Analytics, Marketing Performance Measurement And Management",https://www.coursera.org/learn/digital-analytics
Bayesian Statistics,3.9,Duke University,"Bayesian Statistics, Bayesian Linear Regression, Bayesian Inference, R Programming",https://www.coursera.org/learn/bayesian
Big Data Modeling and Management Systems,4.4,University of California San Diego,"Data Model, Big Data, Data Modeling, Data Management",https://www.coursera.org/learn/big-data-management
Data Analytics for Lean Six Sigma,4.8,University of Amsterdam,"Statistics, Lean Six Sigma, Data Analysis, Minitab",https://www.coursera.org/learn/data-analytics-for-lean-six-sigma
Social and Economic Networks:  Models and Analysis,4.8,Stanford University,"Social Network, Game Theory, Network Analysis, Network Theory",https://www.coursera.org/learn/social-economic-networks
"Basic Data Descriptors, Statistical Distributions, and Application to Business Decisions",4.7,Rice University,"Statistics, Statistical Analysis, Normal Distribution, Poisson Distribution",https://www.coursera.org/learn/descriptive-statistics-statistical-distributions-business-application
A Crash Course in Causality:  Inferring Causal Effects from Observational Data,4.7,University of Pennsylvania,"Instrumental Variable, Propensity Score Matching, Causal Inference, Causality",https://www.coursera.org/learn/crash-course-in-causality
Developing Data Products,4.6,Johns Hopkins University,"Interactivity, Plotly, Web Application, R Programming",https://www.coursera.org/learn/data-products
Graph Analytics for Big Data,4.2,University of California San Diego,"Graph Theory, Neo4j, Analytics, Graph Database",https://www.coursera.org/learn/big-data-graph-analytics
Machine Learning: Clustering & Retrieval,4.6,University of Washington,"Data Clustering Algorithms, K-Means Clustering, Machine Learning, K-D Tree",https://www.coursera.org/learn/ml-clustering-and-retrieval
Julia Scientific Programming,4.5,University of Cape Town,"Julia (Programming Language), Computer Programming, Ipython, Data Visualization (DataViz)",https://www.coursera.org/learn/julia-programming
Introduction to Business Analytics: Communicating with Data,4.8,University of Illinois at Urbana-Champaign,"Data Analysis, Analytics, Business Analytics, Health Care",https://www.coursera.org/learn/intro-business-analytics
Reproducible Research,4.5,Johns Hopkins University,"Knitr, Data Analysis, R Programming, Markup Language",https://www.coursera.org/learn/reproducible-research
Introduction to Recommender Systems:  Non-Personalized and Content-Based,4.5,University of Minnesota,"Summary Statistics, Term Frequency Inverse Document Frequency (TF-IDF), Microsoft Excel, Recommender Systems",https://www.coursera.org/learn/recommender-systems-introduction
Построение выводов по данным,4.7,Offered ByMoscow Institute of Physics and TechnologyYandex,"A/B Testing, Data Analysis, Correlation And Dependence, Statistical Hypothesis Testing, Statistics",https://www.coursera.org/learn/stats-for-data-analysis
Estadística aplicada a los negocios,4.6,Universidad Austral,"Statistics, Data Science, Data Analysis",https://www.coursera.org/learn/estadistica-aplicada-negocios
Creating Dashboards and Storytelling with Tableau,4.6,"University of California, Davis","Storyboarding, Tableau Software, Data Virtualization, Data Visualization (DataViz)",https://www.coursera.org/learn/dataviz-dashboards
An Intuitive Introduction to Probability,4.7,University of Zurich,"""Bayes Theorem"", Normal Distribution, Probability, Conditional Probability",https://www.coursera.org/learn/introductiontoprobability
Scalable Machine Learning on Big Data using Apache Spark,4.1,IBM,"Data Science, Artificial Intelligence (AI), Machine Learning, Big Data, Spark",https://www.coursera.org/learn/machine-learning-big-data-apache-spark
Introduction to GIS Mapping,4.9,University of Toronto,"Geographic Information System (GIS), Cartography, Esri, Mapping, Spatial Analysis",https://www.coursera.org/learn/introduction-gis-mapping
Introduction to Computer Vision with Watson and OpenCV,4.5,IBM,"Artificial Intelligence (AI), Opencv, Computer Vision, watson",https://www.coursera.org/learn/introduction-computer-vision-watson-opencv
Inferential Statistical Analysis with Python,4.3,University of Michigan,"Confidence Interval, Python Programming, Statistical Inference, Statistical Hypothesis Testing",https://www.coursera.org/learn/inferential-statistical-analysis-python
Principles of fMRI 1,4.6,Offered ByJohns Hopkins UniversityUniversity of Colorado Boulder,"Statistics, Statistical Analysis, Statistical Model, Preprocessor",https://www.coursera.org/learn/functional-mri
Поиск структуры в данных,4.7,Offered ByMoscow Institute of Physics and TechnologyYandex,"Topic Model, Data Clustering Algorithms, Machine Learning, Data Visualization (DataViz)",https://www.coursera.org/learn/unsupervised-learning
Visual Analytics with Tableau,4.5,"University of California, Davis","Visual Analytics, Map, Tableau Software, Data Visualization (DataViz)",https://www.coursera.org/learn/dataviz-visual-analytics
Introduction to Deep Learning & Neural Networks with Keras,4.6,IBM,"Deep Learning, Artificial Neural Network, Artificial Intelligence (AI), Machine Learning, keras",https://www.coursera.org/learn/introduction-to-deep-learning-with-keras
"Image Processing, Features & Segmentation",,Offered ByUniversity at BuffaloThe State University of New York,"Image Processing, Image Segmentation, Computer Programming, Matlab",https://www.coursera.org/learn/computervision-imageprocessing
Systèmes d’Information Géographique - Partie 1,4.5,École Polytechnique Fédérale de Lausanne,"Qgis, Geographic Information System (GIS), Spatial Databases, SQL",https://www.coursera.org/learn/sig-1
Text Retrieval and Search Engines,4.4,University of Illinois at Urbana-Champaign,"Information Retrieval (IR), Document Retrieval, Machine Learning, Recommender Systems",https://www.coursera.org/learn/text-retrieval
The R Programming Environment,4.4,Johns Hopkins University,"Data Manipulation, Regular Expression (REGEX), R Programming, Rstudio",https://www.coursera.org/learn/r-programming-environment
Industrial IoT on Google Cloud Platform,4.6,Google Cloud,"Bigquery, Internet Of Things (IOT), Cloud Computing, Communications Protocol",https://www.coursera.org/learn/iiot-google-cloud-platform
"Data Warehouse Concepts, Design, and Data Integration",4.4,University of Colorado System,"Extraction, Transformation And Loading (ETL), Pentaho, Data Integration, Data Warehouse",https://www.coursera.org/learn/dwdesign
用Python玩转数据 Data Processing Using Python,4.6,Nanjing University,"Data Analysis, Python Programming, Numpy, Pandas",https://www.coursera.org/learn/hipython
"Big Data Analysis: Hive, Spark SQL, DataFrames and GraphFrames",4.1,Yandex,"Graphs, Hive, Apache Hive, Apache Spark",https://www.coursera.org/learn/big-data-analysis
Python for Genomic Data Science,4.3,Johns Hopkins University,"Bioinformatics, Biopython, Python Programming, Genomics",https://www.coursera.org/learn/python-genomics
Managing Data Analysis,4.5,Johns Hopkins University,"Data Analysis, Communication, Interpretation, Exploratory Data Analysis",https://www.coursera.org/learn/managing-data-analysis
Text Mining and Analytics,4.4,University of Illinois at Urbana-Champaign,"Data Clustering Algorithms, Text Mining, Probabilistic Models, Sentiment Analysis",https://www.coursera.org/learn/text-mining
Prediction and Control with Function Approximation,4.9,Offered ByUniversity of AlbertaAlberta Machine Intelligence Institute,"Artificial Intelligence (AI), Machine Learning, Reinforcement Learning, Function Approximation, Intelligent Systems",https://www.coursera.org/learn/prediction-control-function-approximation
Data-driven Astronomy,4.8,The University of Sydney,"Python Programming, Machine Learning, Applied Machine Learning, SQL",https://www.coursera.org/learn/data-driven-astronomy
Big Data Integration and Processing,4.4,University of California San Diego,"Big Data, Mongodb, Splunk, Apache Spark",https://www.coursera.org/learn/big-data-integration-processing
Building a Data Science Team,4.5,Johns Hopkins University,"Team Building, Data Science, Management, Team Management",https://www.coursera.org/learn/build-data-science-team
Fundamentos del análisis de datos para la toma de decisiones,4.5,Tecnológico de Monterrey,"Software, Analytics, Data Analysis, Big Data, Watson (Computer)",https://www.coursera.org/learn/analisis-de-datos
The Importance of Listening,4.6,Northwestern University,"Social Marketing, Social Media Marketing, Social Media, Influencer Marketing",https://www.coursera.org/learn/importance-of-listening
Art and Science of Machine Learning,4.6,Google Cloud,"Tensorflow, Machine Learning, Cloud Computing, Estimator",https://www.coursera.org/learn/art-science-ml
Analyzing Big Data with SQL,4.9,Cloudera,"Apache Hive, Apache Impala, Data Analysis, Big Data, SQL",https://www.coursera.org/learn/cloudera-big-data-analysis-sql-queries
Modeling Risk and Realities,4.6,University of Pennsylvania,"Modeling, Risk, Microsoft Excel, Simulation",https://www.coursera.org/learn/wharton-risk-models
Supply Chain Analytics Essentials,4.5,Rutgers the State University of New Jersey,"Supply Chain Analytics, Job Analysis, Supply Chain, Supply Chain Efficiency Assessment",https://www.coursera.org/learn/supply-chain-analytics-essentials
Inferential Statistics,4.4,University of Amsterdam,"Statistics, Statistical Inference, Regression Analysis, Analysis Of Variance (ANOVA)",https://www.coursera.org/learn/inferential-statistics
Basic Data Processing and Visualization,4.4,University of California San Diego,"Python Libraries, Data Pre-Processing, Data Visualization (DataViz), Web Scraping",https://www.coursera.org/learn/basic-data-processing-visualization-python
Foundations of strategic business analytics,4.4,ESSEC Business School,"Data Analysis, Business Analytics, R Programming, Presentation",https://www.coursera.org/learn/strategic-business-analytics
"Data Wrangling, Analysis and AB Testing with SQL",4.4,"University of California, Davis","A/B Testing, Query String, Data Analysis, Predictive Analytics, SQL",https://www.coursera.org/learn/data-wrangling-analysis-abtesting
Building AI Applications with Watson APIs,4.2,IBM,"Artifical Intelligence, Machine Learning, Python Programming, Watson AI, Chatbot",https://www.coursera.org/learn/building-ai-applications
Fitting Statistical Models to Data with Python,4.4,University of Michigan,"Bayesian Statistics, Python Programming, Statistical Model, statistical regression",https://www.coursera.org/learn/fitting-statistical-models-data-python
Population Health: Responsible Data Analysis,5,Universiteit Leiden,"R Programming, Data Analysis, Regression Analysis, Data Reporting, Statistical Data",https://www.coursera.org/learn/responsible-data-analysis
Algorithms for DNA Sequencing,4.8,Johns Hopkins University,"Bioinformatics Algorithms, Algorithms, Python Programming, Algorithms On Strings",https://www.coursera.org/learn/dna-sequencing
Digital Manufacturing & Design,4.6,Offered ByUniversity at BuffaloThe State University of New York,"Artificial Intelligence (AI), Digital Design, Manufacturing Engineer, Industry 4.0",https://www.coursera.org/learn/digital-manufacturing-design
"Business Intelligence Concepts, Tools, and Applications",4.4,University of Colorado System,"Business Intelligence, Data Analysis, Data Visualization (DataViz), Microstrategy",https://www.coursera.org/learn/business-intelligence-tools
Прикладные задачи анализа данных,4.4,Offered ByMoscow Institute of Physics and TechnologyYandex,"Data Science, Time Series, Sentiment Analysis, Recommender Systems",https://www.coursera.org/learn/data-analysis-applications
Business Analytics for Decision Making,4.5,University of Colorado Boulder,"Data Analysis, Simulation, Business Analytics, Mathematical Optimization",https://www.coursera.org/learn/business-analytics-decision-making
Experimentation for Improvement,4.8,McMaster University,"Process Optimization, R Programming, Experimental Design, Experiment",https://www.coursera.org/learn/experimentation
Data Science Capstone,4.5,Johns Hopkins University,"Data Science, Machine Learning, R Programming, Natural Language Processing",https://www.coursera.org/learn/data-science-project
Genomic Data Science with Galaxy,3.7,Johns Hopkins University,"Bioinformatics, Data Analysis, Genome, Genomics",https://www.coursera.org/learn/galaxy-project
Spatial Data Science and Applications,4.4,Yonsei University,"Spatial Analysis, Qgis, Big Data, Geographic Information System (GIS)",https://www.coursera.org/learn/spatial-data-science
Social Media Data Analytics,4.1,Rutgers the State University of New Jersey,"Python Programming, Statistical Analysis, Sentiment Analysis, R Programming",https://www.coursera.org/learn/social-media-data-analytics
Predictive Modeling and Analytics,3.8,University of Colorado Boulder,"Regression Analysis, Data Cleansing, Predictive Modelling, Exploratory Data Analysis",https://www.coursera.org/learn/predictive-modeling-analytics
Measuring Disease in Epidemiology,4.6,Imperial College London,"incidence, Epidemiology, Prevalence, association",https://www.coursera.org/learn/measuring-disease-epidemiology
Reinforcement Learning in Finance,3.4,New York University Tandon School of Engineering,"option pricing and risk management, simple model for market dynamics, Q-learning using financial problems, optimal trading, Portfolio Optimization",https://www.coursera.org/learn/reinforcement-learning-in-finance
Decision-Making and Scenarios,4.6,University of Pennsylvania,"Cash Flow, Financial Statement, Balance Sheet, Investment",https://www.coursera.org/learn/wharton-decision-making-scenarios
Знакомство с R и базовая статистика,5,Saint Petersburg State University,"Inference, Statistical Analysis, R Programming, Data Visualization (DataViz), Basic Descriptive Statistics",https://www.coursera.org/learn/znakomstvo-r-bazovaya-statistika
Data Science in Real Life,4.4,Johns Hopkins University,"Statistics, Data Science, Data Analysis, Data Management",https://www.coursera.org/learn/real-life-data-science
Enterprise Systems,4.8,University of Minnesota,"Management, IT Skills and Knowledge",https://www.coursera.org/learn/enterprise-systems
Linear Regression for Business Statistics,4.8,Rice University,"Log–Log Plot, Interaction (Statistics), Linear Regression, Regression Analysis",https://www.coursera.org/learn/linear-regression-business-statistics
The Social and Technical Context of Health Informatics,4.6,Johns Hopkins University,"health, Digital Health, Health Informatics, Decision Analysis, Informatics",https://www.coursera.org/learn/the-socio-technical-health-informatics-context
Foundations of Data Science: K-Means Clustering in Python,4.7,"Offered ByUniversity of LondonGoldsmiths, University of London","K-Means Clustering, Machine Learning, Programming in Python",https://www.coursera.org/learn/data-science-k-means-clustering-python
Машинное обучение в финансах,4.5,Sberbank Corporate University,"Machine Learning, Python Programming, Banking, Машинное обучение, Finance",https://www.coursera.org/learn/machinnoe-obuchenie-v-finansah
Statistics for Genomic Data Science,4.1,Johns Hopkins University,"Statistics, Data Analysis, R Programming, Biostatistics",https://www.coursera.org/learn/statistical-genomics
Deep Learning for Business,4.3,Yonsei University,"Artificial Intelligence (AI), Artificial Neural Network, Machine Learning, Deep Learning",https://www.coursera.org/learn/deep-learning-business
Data Science in Stratified Healthcare and Precision Medicine,4.6,The University of Edinburgh,"Data Science, Python Programming, Machine Learning, Image Analysis",https://www.coursera.org/learn/datascimed
Data Manipulation at Scale: Systems and Algorithms,4.3,University of Washington,"Relational Algebra, Python Programming, Mapreduce, SQL",https://www.coursera.org/learn/data-manipulation
Advanced R Programming,4.3,Johns Hopkins University,"Logic Programming, R Programming, Object-Oriented Programming (OOP), Functional Programming",https://www.coursera.org/learn/advanced-r
Business Applications of Hypothesis Testing and Confidence Interval Estimation,4.8,Rice University,"Data Analysis, Microsoft Excel, Statistical Hypothesis Testing",https://www.coursera.org/learn/hypothesis-testing-confidence-intervals
Big Data Applications: Real-Time Streaming,,Yandex,"Kafka, NoSQL, Spark Streaming, Spark",https://www.coursera.org/learn/real-time-streaming-big-data
Data Visualization with Tableau Project,4.6,"University of California, Davis","Data Analysis, Interactive Visualization, Tableau Software, Data Visualization (DataViz)",https://www.coursera.org/learn/dataviz-project
Command Line Tools for Genomic Data Science,4.2,Johns Hopkins University,"Bioinformatics, Samtools, Unix, Command-Line Interface",https://www.coursera.org/learn/genomic-tools
Probabilistic Graphical Models 2: Inference,4.6,Stanford University,"Inference, Gibbs Sampling, Markov Chain Monte Carlo (MCMC), Belief Propagation",https://www.coursera.org/learn/probabilistic-graphical-models-2-inference
Data Management and Visualization,4.4,Wesleyan University,"SAS Language, Data Analysis, Python Programming, Data Management",https://www.coursera.org/learn/data-visualization
Python Data Representations,4.8,Rice University,"Tuple, Python Programming, Debugging, List & Label",https://www.coursera.org/learn/python-representation
Survival Analysis in R for Public Health,4.5,Imperial College London,"Understand common ways to choose what predictors go into a regression model, Run and interpret Kaplan-Meier curves in R, Construct a Cox regression model in R",https://www.coursera.org/learn/survival-analysis-r-public-health
Pattern Discovery in Data Mining,4.2,University of Illinois at Urbana-Champaign,"Streams, Sequential Pattern Mining, Data Mining Algorithms, Data Mining",https://www.coursera.org/learn/data-patterns
Achieving Advanced Insights with BigQuery,4.7,Google Cloud,"Bigquery, Google Cloud Platform, Cloud Computing, SQL",https://www.coursera.org/learn/gcp-advanced-insights-bigquery
"Designing, Running, and Analyzing Experiments",3.6,University of California San Diego,"Experiment, Experimental Design, Statistical Model, R Programming, Statistics",https://www.coursera.org/learn/designexperiments
Applying Machine Learning to your Data with GCP,4.7,Google Cloud,"Bigquery, Machine Learning, Google Cloud Platform, Cloud Computing",https://www.coursera.org/learn/data-insights-gcp-apply-ml
Business Analytics Capstone,4.4,University of Pennsylvania,"Customer Analytics, Strategic Management, Data Analysis, Business Analytics",https://www.coursera.org/learn/wharton-capstone-analytics
Research Data Management and Sharing,4.6,Offered ByThe University of North Carolina at Chapel HillThe University of Edinburgh,"Data Management Plan, Research Data Archiving, Metadata, Data Management",https://www.coursera.org/learn/data-management
Maps and the Geospatial Revolution,4.7,The Pennsylvania State University,"Map, Geographic Information System (GIS), Cartography, Map Projection",https://www.coursera.org/learn/geospatial
Hypothesis Testing in Public Health,4.8,Johns Hopkins University,"Confidence Interval, Statistical Hypothesis Testing, p values, sampling",https://www.coursera.org/learn/hypothesis-testing-public-health
Cluster Analysis in Data Mining,4.4,University of Illinois at Urbana-Champaign,"Cluster Analysis, Data Clustering Algorithms, K-Means Clustering, Hierarchical Clustering",https://www.coursera.org/learn/cluster-analysis
Linear Regression in R for Public Health,4.8,Imperial College London,"Correlation And Dependence, Linear Regression, R Programming",https://www.coursera.org/learn/linear-regression-r-public-health
Data Processing Using Python,4.4,Nanjing University,"Python Programming, Numpy, Pandas, Wxpython",https://www.coursera.org/learn/python-data-processing
Introduction to Accounting Data Analytics and Visualization,,University of Illinois at Urbana-Champaign,"Develop an analytic mindset, Clean and Merge Data, Visualize Data, Analyze Data, Introduction to coding",https://www.coursera.org/learn/intro-accounting-data-analytics-visual
Deploying Machine Learning Models,3.9,University of California San Diego,"Python Programming, Big Data Products, Recommender Systems",https://www.coursera.org/learn/deploying-machine-learning-models
GIS Data Acquisition and Map Design,4.8,University of Toronto,"Geographic Information System (GIS), Cartography, Esri, Mapping, Spatial Analysis",https://www.coursera.org/learn/gis-data-acquisition-map-design
Python and Machine Learning for Asset Management,,EDHEC Business School,"Programming skills, Managing your own personal invetsments, Investment management knowledge, Computer Science, Expertise in data science",https://www.coursera.org/learn/python-machine-learning-for-investment-management
Math behind Moneyball,4.5,University of Houston System,"Statistics, Analytics, Microsoft Excel, Probability",https://www.coursera.org/learn/mathematics-sport
Bioconductor for Genomic Data Science,4,Johns Hopkins University,"Bioinformatics, Bioconductor, Genomics, R Programming",https://www.coursera.org/learn/bioconductor
Spatial Analysis and Satellite Imagery in a GIS,4.9,University of Toronto,"Geographic Information System (GIS), Cartography, Esri, Mapping, Spatial Analysis",https://www.coursera.org/learn/spatial-analysis-satellite-imagery-in-a-gis
Image Understanding with TensorFlow on GCP,4.6,Google Cloud,"Tensorflow, Convolutional Neural Network, Estimator, Advanced Machine Learning",https://www.coursera.org/learn/image-understanding-tensorflow-gcp
Business Analytics and Digital Media,4.2,Indian School of Business,"Digital Media, Data Analysis, Analytics, Business Analytics",https://www.coursera.org/learn/business-analytics
Introduction to Neurohacking In R,4.6,Johns Hopkins University,"Image Processing, Brain, R Programming, Neurology",https://www.coursera.org/learn/neurohacking
Framework for Data Collection and Analysis,4.2,"University of Maryland, College Park","Data Collection, Data Quality, Data Analysis, Data Generating Process",https://www.coursera.org/learn/data-collection-framework
Managing Big Data in Clusters and Cloud Storage,4.6,Cloudera,"Data Management, Distributed File Systems, Cloud Storage, Big Data, SQL",https://www.coursera.org/learn/cloud-storage-big-data-analysis-sql
Simple Regression Analysis in Public Health,4.7,Johns Hopkins University,"P-Value, Proportional Hazards Model, Confounding, regression",https://www.coursera.org/learn/simple-regression-analysis-public-health
Logistic Regression in R for Public Health,4.7,Imperial College London,"Logistic Regression, R Programming",https://www.coursera.org/learn/logistic-regression-r-public-health
Demand Analytics,,Rutgers the State University of New Jersey,"Model Selection Validation Improvement, Regression Analysis, Demand Planning and Forecasting, Data Visualization (DataViz), Marketing Analytics",https://www.coursera.org/learn/demand-analytics
Probabilistic Graphical Models 3: Learning,4.6,Stanford University,"Algorithms, Expectation–Maximization (EM) Algorithm, Graphical Model, Markov Random Field",https://www.coursera.org/learn/probabilistic-graphical-models-3-learning
Understanding Your Data: Analytical Tools,4.4,University of Virginia,"Data Mediation, Multilevel Model, Data Analysis, Data Model, Data Moderation",https://www.coursera.org/learn/uva-darden-understanding-data-tools
Meaningful Marketing Insights,4.4,Emory University,"Basic Descriptive Statistics, Data Analysis, Microsoft Excel, Marketing",https://www.coursera.org/learn/meaningful-marketing-insights
Multiple Regression Analysis in Public Health,4.8,Johns Hopkins University,"effect modifcation, Proportional Hazards Model, Regression Analysis, Spline approach",https://www.coursera.org/learn/multiple-regression-analysis-public-health
Study Designs in Epidemiology,4.9,Imperial College London,"Randomized Controlled Trial, Case-Control Study, Study designs, Cohort",https://www.coursera.org/learn/study-designs-epidemiology
Google Cloud Platform Big Data and Machine Learning Fundamentals en Español,4.7,Google Cloud,"Big Data, Bigquery, Machine Learning, Google Cloud Platform",https://www.coursera.org/learn/gcp-big-data-ml-fundamentals-es
Practical Predictive Analytics: Models and Methods,4.1,University of Washington,"Random Forest, Predictive Analytics, Machine Learning, R Programming",https://www.coursera.org/learn/predictive-analytics
Supply Chain Analytics,,Rutgers the State University of New Jersey,"Inventory and Transportation, Competitive Analysis and Benchmark, Data Analysis, Supply Chain Planning, Distribution and Logistics",https://www.coursera.org/learn/supply-chain-analytics
Анализ данных: финальный проект,4.7,Offered ByMoscow Institute of Physics and TechnologyYandex,"Data Science, Machine Learning, Vowpal Wabbit, Data Visualization (DataViz)",https://www.coursera.org/learn/data-analysis-project
Advanced Linear Models for Data Science 1: Least Squares,4.4,Johns Hopkins University,"Statistics, Linear Regression, R Programming, Linear Algebra",https://www.coursera.org/learn/linear-models
Materials Data Sciences and Informatics,4.3,Georgia Institute of Technology,"Informatics, Materials, Statistics, Data Science",https://www.coursera.org/learn/material-informatics
Machine Learning for Data Analysis,4.2,Wesleyan University,"Data Analysis, Python Programming, Machine Learning, Exploratory Data Analysis",https://www.coursera.org/learn/machine-learning-data-analysis
Geospatial Analysis Project,4.9,"University of California, Davis","Geographic Information System (GIS), Data Analysis, Project, Map Analysis, Project Management",https://www.coursera.org/learn/gis-capstone
Relational Database Support for Data Warehouses,4.6,University of Colorado System,"Data Warehousing, Materialized View, Data Warehouse, SQL",https://www.coursera.org/learn/dwrelational
Data Analysis Tools,4.5,Wesleyan University,"Chi-Squared (Chi-2) Distribution, Data Analysis, Statistical Hypothesis Testing, Analysis Of Variance (ANOVA)",https://www.coursera.org/learn/data-analysis-tools
The Data Science of Health Informatics,4.8,Johns Hopkins University,"Data Science, Database (DBMS), Data Analysis, Health Informatics, data querying",https://www.coursera.org/learn/the-data-science-of-health-informatics
"Stereo Vision, Dense Motion & Tracking",,Offered ByUniversity at BuffaloThe State University of New York,"Computer Programming, Stereopsis, Matlab, 3D Vision",https://www.coursera.org/learn/stereovision-motion-tracking
Web of Data,4.5,EIT Digital,"search for occurrences of a query graph, publish Linked Open Data on the Web, access remotely data sources on the Web, use and mix together existing data to obtain new data",https://www.coursera.org/learn/web-data
Functional Programming in Scala Capstone,4.5,École Polytechnique Fédérale de Lausanne,"Scala Programming, Parallel Computing, Apache Spark, Functional Programming",https://www.coursera.org/learn/scala-capstone
Validity and Bias in Epidemiology,4.7,Imperial College London,"Validity, Interaction (Statistics), Information bias, Confounding, Selection Bias",https://www.coursera.org/learn/validity-bias-epidemiology
"GIS, Mapping, and Spatial Analysis Capstone",4.9,University of Toronto,"Geographic Information System (GIS), Cartography, Esri, Mapping, Spatial Analysis",https://www.coursera.org/learn/gis-mapping-spatial-analysis-capstone
Interprofessional Healthcare Informatics,4.4,University of Minnesota,"Graph Theory, Information Theory, Data Virtualization, Health Informatics, Data Visualization (DataViz)",https://www.coursera.org/learn/health-informatics-professional
Regression Modeling in Practice,4.4,Wesleyan University,"Logistic Regression, Data Analysis, Python Programming, Regression Analysis",https://www.coursera.org/learn/regression-modeling-practice
Wharton Business and Financial Modeling Capstone,4.6,University of Pennsylvania,"Summary Statistics, Financial Modeling, Diversification (Finance), Investment",https://www.coursera.org/learn/wharton-business-financial-modeling-capstone
Executive Data Science Capstone,4.7,Johns Hopkins University,"Data Science, Data Analysis, Management, Data Management",https://www.coursera.org/learn/executive-data-science-capstone
Business Statistics and Analysis Capstone,4.6,Rice University,"Predictive Analytics, Data Analysis, Microsoft Excel, Regression Analysis",https://www.coursera.org/learn/business-statistics-analysis-capstone
Visual Recognition & Understanding,,Offered ByUniversity at BuffaloThe State University of New York,"Deep Learning, Matlab, Machine Learning, Computer Programming, Computer Vision",https://www.coursera.org/learn/visual-recognition
Measuring Causal Effects in the Social Sciences,4.2,University of Copenhagen,"Difference In Differences, Instrumental Variable, Causal Inference, Causality",https://www.coursera.org/learn/causal-effects
Visualization for Data Journalism,,University of Illinois at Urbana-Champaign,"Python Libraries, Data Analysis, Plotly, Data Reporting, Data Visualization (DataViz)",https://www.coursera.org/learn/visualization-for-data-journalism
Big Data - Capstone Project,4.4,University of California San Diego,"Big Data, Neo4j, Knime, Splunk",https://www.coursera.org/learn/big-data-project
Mathematical Biostatistics Boot Camp 2,4.3,Johns Hopkins University,"Statistics, Statistical Hypothesis Testing, Biostatistics",https://www.coursera.org/learn/biostatistics-2
Building Data Visualization Tools,4,Johns Hopkins University,"Mapping, Ggplot2, Data Visualization (DataViz), R Programming",https://www.coursera.org/learn/r-data-visualization
Building R Packages,4.2,Johns Hopkins University,"Programming Tool, Github, Continuous Integration, R Programming",https://www.coursera.org/learn/r-packages
Digital Footprint,4.6,The University of Edinburgh,"Digital Footprint, E-Professional, Social Media, Privacy",https://www.coursera.org/learn/digital-footprint
Increasing Real Estate Management Profits: Harnessing Data Analytics,4.7,Duke University,"Data Analysis, Tableau Software, MySQL, SQL",https://www.coursera.org/learn/analytics-capstone
Data Science for Business Innovation,3.6,Offered ByEIT Digital Politecnico di Milano,"Data Science, Business Analytics, Decision-Making, Data Analysis, Big Data",https://www.coursera.org/learn/data-science-for-business-innovation
Statistics with R Capstone,4.7,Duke University,"Model Selection, Bayesian Statistics, Statistical Analysis, R Programming",https://www.coursera.org/learn/statistics-project
Линейная регрессия,,Saint Petersburg State University,"Data Modeling, Regression Validation, R Programming, Linear Regression, Statistics",https://www.coursera.org/learn/lineynaya-regressiya
Design and Build a Data Warehouse for Business Intelligence Implementation,4.6,University of Colorado System,"Data Warehousing, Microstrategy, Data Warehouse, SQL",https://www.coursera.org/learn/data-warehouse-bi-building
Обобщенные линейные модели,,Saint Petersburg State University,"Logistic Regression, R Programming, Generalized Linear Model, Poisson Regression, Model Selection",https://www.coursera.org/learn/obobshchennye-linejnye-modeli
Линейные модели с дискретными предикторами,,Saint Petersburg State University,"General Linear Model, Post Hoc Tests, R Programming, Regression Analysis, Analysis Of Variance (ANOVA)",https://www.coursera.org/learn/lineyniye-modeli-s-diskretnimi-prediktorami
Data Mining Project,4.6,University of Illinois at Urbana-Champaign,"Data Clustering Algorithms, Data Analysis, Natural Language Processing, Data Mining",https://www.coursera.org/learn/data-mining-project
Смешанные линейные модели,,Saint Petersburg State University,"Logistic Regression, R Programming, Poisson Regression, Generalized Linear Mixed Model (GLMM), Random Effects Model",https://www.coursera.org/learn/smeshannye-lineynye-modeli
Data Science at Scale - Capstone Project,4.1,University of Washington,"Python Programming, R Programming, Data Analysis, Data Wrangling, Statistics",https://www.coursera.org/learn/datasci-capstone
Project: Basic Image Classification with TensorFlow,,Rhyme,"Deep Learning, Artificial Neural Network, Machine Learning, Tensorflow, keras",https://www.coursera.org/learn/tensorflow-beginner-basic-image-classification
Project: Predicting House Prices with Regression using TensorFlow,,Rhyme,"Deep Learning, Artificial Neural Network, Machine Learning, Tensorflow, keras",https://www.coursera.org/learn/tensorflow-beginner-predicting-house-prices-regression
Project: Predict Sales Revenue with scikit-learn,,Rhyme,"Machine Learning, Data Visualization (DataViz), Linear Regression, Exploratory Data Analysis, Scikit-Learn",https://www.coursera.org/learn/scikit-learn-simple-linear-regression
Project: Multiple Linear Regression with scikit-learn,,Rhyme,"Machine Learning, Python Programming, Data Visualization (DataViz), Linear Regression, Scikit-Learn",https://www.coursera.org/learn/scikit-learn-multiple-linear-regression
Distributed Computing with Spark SQL,,"University of California, Davis","Data Science, Apache Spark, SQL",https://www.coursera.org/learn/spark-sql
A Complete Reinforcement Learning System (Capstone),,Offered ByUniversity of AlbertaAlberta Machine Intelligence Institute,"Artificial Intelligence (AI), Machine Learning, Reinforcement Learning, Function Approximation, Intelligent Systems",https://www.coursera.org/learn/complete-reinforcement-learning-system
Improving Your Statistical Questions,,Eindhoven University of Technology,"Computational Reproducibility, Meta-Analysis, Experimental Design, Statistical Inferences, Philosophy of Science",https://www.coursera.org/learn/improving-statistical-questions